{
  "geometry": "sss_dragon.obj",
  "materials": "sss_dragon.obj.materials",
  "camera": {
    "viewport": [
      1080,
      1080
    ],
    "origin": [
      18.48695182800293,
      18.065654754638672,
      -14.235601425170898
    ],
    "target": [
      17.837646484375,
      17.565496444702148,
      -13.662675857543945
    ],
    "up": [
      -0.37503513693809509,
      0.86593389511108398,
      0.3309185802936554
    ],
    "lens-radius": 0.0,
    "focal-distance": 0.0,
    "focal-length": 49.999992370605469
  }
}