{
  "geometry": "cornellbox.obj",
  "materials": "cornellbox.mtl",
  "samples": 256,
  "max-path-length": 1023,
  "random-termination-start": 6,
  "spectral": false,
  "force-tangents": false,
  "camera": {
    "class": "perspective",
    "viewport": [
      640,
      640
    ],
    "origin": [
      0.0,
      1.0,
      3.9000000953674316
    ],
    "target": [
      0.0,
      1.0,
      -6.099998950958252
    ],
    "up": [
      0.0,
      0.9999999403953552,
      -0.0
    ],
    "fov": 39.597755335771296,
    "focal-length": 50.0,
    "lens-radius": 0.0,
    "focal-distance": 0.0,
    "clip-near": 0.10000000149011612,
    "clip-far": 100.0
  }
}