{
  "geometry": "cornellbox.obj",
  "materials": "cornellbox.mtl",
  "samples": 32,
  "max-path-length": 65536,
  "random-termination-start": 6,
  "spectral": false,
  "force-tangents": false,
  "camera": {
    "class": "perspective",
    "viewport": [
      640,
      640
    ],
    "origin": [
      -0.6757590770721436,
      1.1562013626098633,
      4.082327842712402
    ],
    "target": [
      1.5034334659576416,
      0.702599287033081,
      -5.666792869567871
    ],
    "up": [
      0.009894318878650665,
      0.998970627784729,
      -0.04426800087094307
    ],
    "fov": 39.597755335771296,
    "focal-length": 50.0,
    "lens-radius": 0.0,
    "focal-distance": 0.0
  }
}