{
  "geometry": "furnace-env.obj",
  "materials": "furnace-env.mtl",
  "samples": 32,
  "max-path-length": 65536,
  "random-termination-start": 6,
  "spectral": false,
  "force-tangents": false,
  "camera": {
    "class": "perspective",
    "viewport": [
      1080,
      1080
    ],
    "origin": [
      3.6896185874938965,
      2.450749397277832,
      3.4670698642730713
    ],
    "target": [
      -2.8259634971618652,
      -2.0019655227661133,
      -2.6746346950531006
    ],
    "up": [
      -0.32401347160339355,
      0.8953956365585327,
      -0.3054208755493164
    ],
    "fov": 39.59775192067671,
    "focal-length": 50.0,
    "lens-radius": 0.0,
    "focal-distance": 0.0
  }
}